{
  "seed_only_LR": {
    "log_loss_mean": 0.5715763014201203,
    "log_loss_std": 0.046351789737807486,
    "brier_mean": 0.19516975454449648,
    "acc_mean": 0.7050451228878649,
    "n_total": 2014
  },
  "full_LR": {
    "log_loss_mean": 0.4096695302961286,
    "log_loss_std": 0.09016651468110312,
    "brier_mean": 0.12883691608544415,
    "acc_mean": 0.8301971326164874,
    "n_total": 2014
  },
  "xgb": {
    "log_loss_mean": 0.4340607704196682,
    "log_loss_std": 0.09422173300228591,
    "brier_mean": 0.13535507341612885,
    "acc_mean": 0.8158282130056324,
    "n_total": 2014
  },
  "rf": {
    "log_loss_mean": 0.47126562443908593,
    "log_loss_std": 0.05961978696649641,
    "brier_mean": 0.15306883189919912,
    "acc_mean": 0.7825460829493087,
    "n_total": 2014
  },
  "lgbm": {
    "log_loss_mean": 0.5182025996982748,
    "log_loss_std": 0.14028670015492214,
    "brier_mean": 0.14459126489079654,
    "acc_mean": 0.8118439580133128,
    "n_total": 2014
  }
}