{
  "mean_ev": 1269.7919642857144,
  "std_ev": 134.27299231209957,
  "intercept": -0.023117589633228446,
  "theta": [
    1.6430180802933558,
    1.857819661589978,
    -1.9101388901544372,
    -0.060653243710979604,
    0.9047794779085001,
    0.9352463586239602,
    0.2701393375233011,
    0.33206702294801316,
    2.277820871947089
  ],
  "n_sims": 800,
  "n_candidates": 10,
  "seasons": [
    2010,
    2011,
    2012,
    2013,
    2014,
    2015,
    2016,
    2017,
    2018,
    2019,
    2022,
    2023,
    2024,
    2025
  ]
}